[
  {
    "allowUpdate": true,
    "bookInfoBean": {
      "author": "火星引力",
      "bookSourceType": "",
      "chapterUrl": "https://www.zhuidu.cc/NiTianXieShen/",
      "coverUrl": "https://cover.zhuidu.cc/79/2a/a8/792aa806a8ff9dd35633c6f714388ea1.jpg",
      "finalRefreshData": 1586445880944,
      "introduce": "\n掌天毒之珠，承邪神之血，修逆天之力，一代邪神，君临天下！【添加微信公众号：火星引力】【我们的YY频道：49554】",
      "name": "逆天邪神",
      "noteUrl": "https://www.zhuidu.cc/NiTianXieShen/",
      "origin": "追读热搜 ⭐",
      "tag": "https://www.zhuidu.cc"
    },
    "chapterListSize": 5580,
    "durChapter": 5579,
    "durChapterName": "第1674章 阎魔帝域",
    "durChapterPage": 15,
    "finalDate": 1586447814084,
    "finalRefreshData": 1586445880944,
    "group": 0,
    "hasUpdate": false,
    "isLoading": false,
    "lastChapterName": "第1674章 阎魔帝域",
    "newChapters": 0,
    "noteUrl": "https://www.zhuidu.cc/NiTianXieShen/",
    "replaceEnable": true,
    "serialNumber": 0,
    "tag": "https://www.zhuidu.cc",
    "useReplaceRule": true
  }
]